parent,label,updated,date,confirmed,recovered,deaths,lon,lat,source,source_url,scraper
China,Hubei (Wuhan),1584180789000,2020-03-14T11:13:09+01:00,67790,52960,3075,112.270692167452,30.9756403482891,Coronavirus COVID-19 Global Cases by Johns Hopkins CSSE,https://www.arcgis.com/apps/opsdashboard/index.html#/bda7594740fd40299423467b48e9ecf6,hopkins.arcgis
China,Guangdong,1584148391000,2020-03-14T02:13:11+01:00,1356,1299,8,113.424401710676,23.3417337092088,Coronavirus COVID-19 Global Cases by Johns Hopkins CSSE,https://www.arcgis.com/apps/opsdashboard/index.html#/bda7594740fd40299423467b48e9ecf6,hopkins.arcgis
China,Henan,1584179588000,2020-03-14T10:53:08+01:00,1273,1250,22,113.613964115943,33.8820061472366,Coronavirus COVID-19 Global Cases by Johns Hopkins CSSE,https://www.arcgis.com/apps/opsdashboard/index.html#/bda7594740fd40299423467b48e9ecf6,hopkins.arcgis
China,Zhejiang,1584152055000,2020-03-14T03:14:15+01:00,1227,1211,1,120.093412774886,29.1831892798285,Coronavirus COVID-19 Global Cases by Johns Hopkins CSSE,https://www.arcgis.com/apps/opsdashboard/index.html#/bda7594740fd40299423467b48e9ecf6,hopkins.arcgis
China,Hunan,1584174783000,2020-03-14T09:33:03+01:00,1018,1014,4,111.708835644484,27.6104072903766,Coronavirus COVID-19 Global Cases by Johns Hopkins CSSE,https://www.arcgis.com/apps/opsdashboard/index.html#/bda7594740fd40299423467b48e9ecf6,hopkins.arcgis
China,Anhui,1583893094000,2020-03-11T03:18:14+01:00,990,984,6,117.226363790413,31.8257120511073,Coronavirus COVID-19 Global Cases by Johns Hopkins CSSE,https://www.arcgis.com/apps/opsdashboard/index.html#/bda7594740fd40299423467b48e9ecf6,hopkins.arcgis
China,Jiangxi,1583979184000,2020-03-12T03:13:04+01:00,935,934,1,115.722093542185,27.614008270636,Coronavirus COVID-19 Global Cases by Johns Hopkins CSSE,https://www.arcgis.com/apps/opsdashboard/index.html#/bda7594740fd40299423467b48e9ecf6,hopkins.arcgis
China,Shandong,1584160382000,2020-03-14T05:33:02+01:00,760,741,7,118.149838795037,36.3426714789712,Coronavirus COVID-19 Global Cases by Johns Hopkins CSSE,https://www.arcgis.com/apps/opsdashboard/index.html#/bda7594740fd40299423467b48e9ecf6,hopkins.arcgis
China,Jiangsu,1584097743000,2020-03-13T12:09:03+01:00,631,630,0,119.45501030983,32.9710980851278,Coronavirus COVID-19 Global Cases by Johns Hopkins CSSE,https://www.arcgis.com/apps/opsdashboard/index.html#/bda7594740fd40299423467b48e9ecf6,hopkins.arcgis
China,Chongqing,1584141192000,2020-03-14T00:13:12+01:00,576,566,6,107.87398583171,30.0571758751839,Coronavirus COVID-19 Global Cases by Johns Hopkins CSSE,https://www.arcgis.com/apps/opsdashboard/index.html#/bda7594740fd40299423467b48e9ecf6,hopkins.arcgis
China,Sichuan,1584160382000,2020-03-14T05:33:02+01:00,539,511,3,102.710322085654,30.6171383897493,Coronavirus COVID-19 Global Cases by Johns Hopkins CSSE,https://www.arcgis.com/apps/opsdashboard/index.html#/bda7594740fd40299423467b48e9ecf6,hopkins.arcgis
China,Heilongjiang,1584144785000,2020-03-14T01:13:05+01:00,482,447,13,127.761544149451,47.8619962256745,Coronavirus COVID-19 Global Cases by Johns Hopkins CSSE,https://www.arcgis.com/apps/opsdashboard/index.html#/bda7594740fd40299423467b48e9ecf6,hopkins.arcgis
China,Peking (Beijing),1584152027000,2020-03-14T03:13:47+01:00,437,349,8,116.414172956705,40.1823809324133,Coronavirus COVID-19 Global Cases by Johns Hopkins CSSE,https://www.arcgis.com/apps/opsdashboard/index.html#/bda7594740fd40299423467b48e9ecf6,hopkins.arcgis
China,Shanghai,1584169991000,2020-03-14T08:13:11+01:00,352,324,3,121.449111848821,31.2019853691089,Coronavirus COVID-19 Global Cases by Johns Hopkins CSSE,https://www.arcgis.com/apps/opsdashboard/index.html#/bda7594740fd40299423467b48e9ecf6,hopkins.arcgis
China,Hebei,1584097743000,2020-03-13T12:09:03+01:00,318,310,6,114.5149,38.0428,Coronavirus COVID-19 Global Cases by Johns Hopkins CSSE,https://www.arcgis.com/apps/opsdashboard/index.html#/bda7594740fd40299423467b48e9ecf6,hopkins.arcgis
China,Fujian,1583893094000,2020-03-11T03:18:14+01:00,296,295,1,117.987371739429,26.0788658351203,Coronavirus COVID-19 Global Cases by Johns Hopkins CSSE,https://www.arcgis.com/apps/opsdashboard/index.html#/bda7594740fd40299423467b48e9ecf6,hopkins.arcgis
China,Guangxi,1584097743000,2020-03-13T12:09:03+01:00,252,243,2,108.78812722508,23.8298403568635,Coronavirus COVID-19 Global Cases by Johns Hopkins CSSE,https://www.arcgis.com/apps/opsdashboard/index.html#/bda7594740fd40299423467b48e9ecf6,hopkins.arcgis
China,Shaanxi,1583976782000,2020-03-12T02:33:02+01:00,245,232,2,108.870143735105,35.1916533064219,Coronavirus COVID-19 Global Cases by Johns Hopkins CSSE,https://www.arcgis.com/apps/opsdashboard/index.html#/bda7594740fd40299423467b48e9ecf6,hopkins.arcgis
China,Yunnan,1583893094000,2020-03-11T03:18:14+01:00,174,170,2,101.486994477533,24.9740090515417,Coronavirus COVID-19 Global Cases by Johns Hopkins CSSE,https://www.arcgis.com/apps/opsdashboard/index.html#/bda7594740fd40299423467b48e9ecf6,hopkins.arcgis
China,Hainan,1583985182000,2020-03-12T04:53:02+01:00,168,160,6,109.745335576195,19.1958639124575,Coronavirus COVID-19 Global Cases by Johns Hopkins CSSE,https://www.arcgis.com/apps/opsdashboard/index.html#/bda7594740fd40299423467b48e9ecf6,hopkins.arcgis
China,Guizhou,1584147183000,2020-03-14T01:53:03+01:00,146,143,2,106.874783781561,26.8153610246946,Coronavirus COVID-19 Global Cases by Johns Hopkins CSSE,https://www.arcgis.com/apps/opsdashboard/index.html#/bda7594740fd40299423467b48e9ecf6,hopkins.arcgis
China,Tianjin,1583977983000,2020-03-12T02:53:03+01:00,136,132,3,117.322972903268,39.3053612117002,Coronavirus COVID-19 Global Cases by Johns Hopkins CSSE,https://www.arcgis.com/apps/opsdashboard/index.html#/bda7594740fd40299423467b48e9ecf6,hopkins.arcgis
China,Hong Kong,1584190386000,2020-03-14T13:53:06+01:00,140,78,4,114.2,22.3,Coronavirus COVID-19 Global Cases by Johns Hopkins CSSE,https://www.arcgis.com/apps/opsdashboard/index.html#/bda7594740fd40299423467b48e9ecf6,hopkins.arcgis
China,Shanxi,1584097743000,2020-03-13T12:09:03+01:00,133,133,0,112.292191181538,37.5776849568384,Coronavirus COVID-19 Global Cases by Johns Hopkins CSSE,https://www.arcgis.com/apps/opsdashboard/index.html#/bda7594740fd40299423467b48e9ecf6,hopkins.arcgis
China,Gansu,1584155588000,2020-03-14T04:13:08+01:00,129,89,2,103.8343,36.0611,Coronavirus COVID-19 Global Cases by Johns Hopkins CSSE,https://www.arcgis.com/apps/opsdashboard/index.html#/bda7594740fd40299423467b48e9ecf6,hopkins.arcgis
China,Liaoning,1584144785000,2020-03-14T01:13:05+01:00,125,113,1,122.60854186375,41.2956478642686,Coronavirus COVID-19 Global Cases by Johns Hopkins CSSE,https://www.arcgis.com/apps/opsdashboard/index.html#/bda7594740fd40299423467b48e9ecf6,hopkins.arcgis
China,Xinjiang,1583893094000,2020-03-11T03:18:14+01:00,76,73,3,85.240102435218,41.1128513419168,Coronavirus COVID-19 Global Cases by Johns Hopkins CSSE,https://www.arcgis.com/apps/opsdashboard/index.html#/bda7594740fd40299423467b48e9ecf6,hopkins.arcgis
China,Innere Mongolei,1583898783000,2020-03-11T04:53:03+01:00,75,71,1,113.944789458154,44.0935009913267,Coronavirus COVID-19 Global Cases by Johns Hopkins CSSE,https://www.arcgis.com/apps/opsdashboard/index.html#/bda7594740fd40299423467b48e9ecf6,hopkins.arcgis
China,Ningxia,1584179588000,2020-03-14T10:53:08+01:00,75,73,0,106.165455205247,37.2692274353319,Coronavirus COVID-19 Global Cases by Johns Hopkins CSSE,https://www.arcgis.com/apps/opsdashboard/index.html#/bda7594740fd40299423467b48e9ecf6,hopkins.arcgis
China,Jilin,1584097743000,2020-03-13T12:09:03+01:00,93,91,1,126.192329763813,43.6661021395126,Coronavirus COVID-19 Global Cases by Johns Hopkins CSSE,https://www.arcgis.com/apps/opsdashboard/index.html#/bda7594740fd40299423467b48e9ecf6,hopkins.arcgis
China,Qinghai,1583893094000,2020-03-11T03:18:14+01:00,18,18,0,95.9955784711286,35.7452031801411,Coronavirus COVID-19 Global Cases by Johns Hopkins CSSE,https://www.arcgis.com/apps/opsdashboard/index.html#/bda7594740fd40299423467b48e9ecf6,hopkins.arcgis
China,Macau,1583952723000,2020-03-11T19:52:03+01:00,10,10,0,113.55,22.166667,Coronavirus COVID-19 Global Cases by Johns Hopkins CSSE,https://www.arcgis.com/apps/opsdashboard/index.html#/bda7594740fd40299423467b48e9ecf6,hopkins.arcgis
China,Tibet,1583893094000,2020-03-11T03:18:14+01:00,1,1,0,88.0924318966888,31.6927165373017,Coronavirus COVID-19 Global Cases by Johns Hopkins CSSE,https://www.arcgis.com/apps/opsdashboard/index.html#/bda7594740fd40299423467b48e9ecf6,hopkins.arcgis
global,Panama,1584189183000,2020-03-14T13:33:03+01:00,36,0,1,-80.7821,8.538,Coronavirus COVID-19 Global Cases by Johns Hopkins CSSE,https://www.arcgis.com/apps/opsdashboard/index.html#/bda7594740fd40299423467b48e9ecf6,hopkins.arcgis
Australien,Tasmania,1584150783000,2020-03-14T02:53:03+01:00,5,0,0,145.9707,-41.4545,Coronavirus COVID-19 Global Cases by Johns Hopkins CSSE,https://www.arcgis.com/apps/opsdashboard/index.html#/bda7594740fd40299423467b48e9ecf6,hopkins.arcgis
global,Kroatien,1584217983000,2020-03-14T21:33:03+01:00,38,1,0,15.2,45.1,Coronavirus COVID-19 Global Cases by Johns Hopkins CSSE,https://www.arcgis.com/apps/opsdashboard/index.html#/bda7594740fd40299423467b48e9ecf6,hopkins.arcgis
global,Burkina Faso,1584138122000,2020-03-13T23:22:02+01:00,2,0,0,-1.5616,12.2383,Coronavirus COVID-19 Global Cases by Johns Hopkins CSSE,https://www.arcgis.com/apps/opsdashboard/index.html#/bda7594740fd40299423467b48e9ecf6,hopkins.arcgis
global,Albanien,1584189183000,2020-03-14T13:33:03+01:00,38,0,1,20.1683,41.1533,Coronavirus COVID-19 Global Cases by Johns Hopkins CSSE,https://www.arcgis.com/apps/opsdashboard/index.html#/bda7594740fd40299423467b48e9ecf6,hopkins.arcgis
Kanada,British Columbia,1584144785000,2020-03-14T01:13:05+01:00,64,4,1,-127.6476,53.7267,Coronavirus COVID-19 Global Cases by Johns Hopkins CSSE,https://www.arcgis.com/apps/opsdashboard/index.html#/bda7594740fd40299423467b48e9ecf6,hopkins.arcgis
Australien,New South Wales,1584192784000,2020-03-14T14:33:04+01:00,112,4,2,151.2093,-33.8688,Coronavirus COVID-19 Global Cases by Johns Hopkins CSSE,https://www.arcgis.com/apps/opsdashboard/index.html#/bda7594740fd40299423467b48e9ecf6,hopkins.arcgis
Australien,Victoria,1584192784000,2020-03-14T14:33:04+01:00,49,8,0,144.9631,-37.8136,Coronavirus COVID-19 Global Cases by Johns Hopkins CSSE,https://www.arcgis.com/apps/opsdashboard/index.html#/bda7594740fd40299423467b48e9ecf6,hopkins.arcgis
Australien,Queensland,1584192784000,2020-03-14T14:33:04+01:00,46,8,0,153.4,-28.0167,Coronavirus COVID-19 Global Cases by Johns Hopkins CSSE,https://www.arcgis.com/apps/opsdashboard/index.html#/bda7594740fd40299423467b48e9ecf6,hopkins.arcgis
Australien,South Australia,1584192784000,2020-03-14T14:33:04+01:00,19,3,0,138.6007,-34.9285,Coronavirus COVID-19 Global Cases by Johns Hopkins CSSE,https://www.arcgis.com/apps/opsdashboard/index.html#/bda7594740fd40299423467b48e9ecf6,hopkins.arcgis
Großbritannien,Kanalinseln,1583959982000,2020-03-11T21:53:02+01:00,2,0,0,-2.364351,49.372284,Coronavirus COVID-19 Global Cases by Johns Hopkins CSSE,https://www.arcgis.com/apps/opsdashboard/index.html#/bda7594740fd40299423467b48e9ecf6,hopkins.arcgis
global,Philippinen,1584217983000,2020-03-14T21:33:03+01:00,111,2,8,121.774,12.8797,Coronavirus COVID-19 Global Cases by Johns Hopkins CSSE,https://www.arcgis.com/apps/opsdashboard/index.html#/bda7594740fd40299423467b48e9ecf6,hopkins.arcgis
global,Nepal,1584138123000,2020-03-13T23:22:03+01:00,1,1,0,84.124,28.3949,Coronavirus COVID-19 Global Cases by Johns Hopkins CSSE,https://www.arcgis.com/apps/opsdashboard/index.html#/bda7594740fd40299423467b48e9ecf6,hopkins.arcgis
global,Sri Lanka,1584202498000,2020-03-14T17:14:58+01:00,10,1,0,80.7718,7.8731,Coronavirus COVID-19 Global Cases by Johns Hopkins CSSE,https://www.arcgis.com/apps/opsdashboard/index.html#/bda7594740fd40299423467b48e9ecf6,hopkins.arcgis
global,Vereinigte Arabische Emirate,1584138118000,2020-03-13T23:21:58+01:00,85,17,0,53.8478,23.4241,Coronavirus COVID-19 Global Cases by Johns Hopkins CSSE,https://www.arcgis.com/apps/opsdashboard/index.html#/bda7594740fd40299423467b48e9ecf6,hopkins.arcgis
global,Thailand,1584187992000,2020-03-14T13:13:12+01:00,82,35,1,100.9925,15.87,Coronavirus COVID-19 Global Cases by Johns Hopkins CSSE,https://www.arcgis.com/apps/opsdashboard/index.html#/bda7594740fd40299423467b48e9ecf6,hopkins.arcgis
global,Kambodscha,1584190387000,2020-03-14T13:53:07+01:00,7,1,0,104.991,12.5657,Coronavirus COVID-19 Global Cases by Johns Hopkins CSSE,https://www.arcgis.com/apps/opsdashboard/index.html#/bda7594740fd40299423467b48e9ecf6,hopkins.arcgis
global,San Marino,1584144785000,2020-03-14T01:13:05+01:00,80,2,5,12.4578,43.9424,Coronavirus COVID-19 Global Cases by Johns Hopkins CSSE,https://www.arcgis.com/apps/opsdashboard/index.html#/bda7594740fd40299423467b48e9ecf6,hopkins.arcgis
Kanada,Ontario,1584191605000,2020-03-14T14:13:25+01:00,79,4,0,-85.3232,51.2538,Coronavirus COVID-19 Global Cases by Johns Hopkins CSSE,https://www.arcgis.com/apps/opsdashboard/index.html#/bda7594740fd40299423467b48e9ecf6,hopkins.arcgis
Australien,Australian Capital Territory,1584150783000,2020-03-14T02:53:03+01:00,1,0,0,149.0124,-35.4735,Coronavirus COVID-19 Global Cases by Johns Hopkins CSSE,https://www.arcgis.com/apps/opsdashboard/index.html#/bda7594740fd40299423467b48e9ecf6,hopkins.arcgis
global,Demokratische Republik Kongo,1584138122000,2020-03-13T23:22:02+01:00,2,0,0,21.7587,-4.0383,Coronavirus COVID-19 Global Cases by Johns Hopkins CSSE,https://www.arcgis.com/apps/opsdashboard/index.html#/bda7594740fd40299423467b48e9ecf6,hopkins.arcgis
global,Honduras,1584138122000,2020-03-13T23:22:02+01:00,2,0,0,-86.2419,15.2,Coronavirus COVID-19 Global Cases by Johns Hopkins CSSE,https://www.arcgis.com/apps/opsdashboard/index.html#/bda7594740fd40299423467b48e9ecf6,hopkins.arcgis
USA,"Kreuzfahrtschiff ""Diamond Princess""",1583953200000,2020-03-11T20:00:00+01:00,46,0,0,139.638,35.4437,2019 Novel Coronavirus COVID-19 (2019-nCoV) Data Repository by Johns Hopkins CSSE,https://github.com/CSSEGISandData/COVID-19,hopkins.github
global,Algerien,1584189183000,2020-03-14T13:33:03+01:00,37,12,3,1.6596,28.0339,Coronavirus COVID-19 Global Cases by Johns Hopkins CSSE,https://www.arcgis.com/apps/opsdashboard/index.html#/bda7594740fd40299423467b48e9ecf6,hopkins.arcgis
global,Réunion,1584203583000,2020-03-14T17:33:03+01:00,5,0,0,55.5364,-21.1151,Coronavirus COVID-19 Global Cases by Johns Hopkins CSSE,https://www.arcgis.com/apps/opsdashboard/index.html#/bda7594740fd40299423467b48e9ecf6,hopkins.arcgis
global,Oman,1584142385000,2020-03-14T00:33:05+01:00,19,9,0,55.9754,21.4735,Coronavirus COVID-19 Global Cases by Johns Hopkins CSSE,https://www.arcgis.com/apps/opsdashboard/index.html#/bda7594740fd40299423467b48e9ecf6,hopkins.arcgis
Kreuzfahrtschiffe und Sonstige,"Kreuzfahrtschiff ""Diamond Princess""",1584108805000,2020-03-13T15:13:25+01:00,696,325,7,139.6649,35.4498,Coronavirus COVID-19 Global Cases by Johns Hopkins CSSE,https://www.arcgis.com/apps/opsdashboard/index.html#/bda7594740fd40299423467b48e9ecf6,hopkins.arcgis
Kanada,New Brunswick,1583968386000,2020-03-12T00:13:06+01:00,1,0,0,-66.4619,46.5653,Coronavirus COVID-19 Global Cases by Johns Hopkins CSSE,https://www.arcgis.com/apps/opsdashboard/index.html#/bda7594740fd40299423467b48e9ecf6,hopkins.arcgis
global,Italien,1584216796000,2020-03-14T21:13:16+01:00,21157,1966,1441,12.5674,41.8719,Coronavirus COVID-19 Global Cases by Johns Hopkins CSSE,https://www.arcgis.com/apps/opsdashboard/index.html#/bda7594740fd40299423467b48e9ecf6,hopkins.arcgis
global,Irak,1584217983000,2020-03-14T21:33:03+01:00,110,24,10,43.6793,33.2232,Coronavirus COVID-19 Global Cases by Johns Hopkins CSSE,https://www.arcgis.com/apps/opsdashboard/index.html#/bda7594740fd40299423467b48e9ecf6,hopkins.arcgis
global,Libanon,1584187992000,2020-03-14T13:13:12+01:00,93,1,3,35.8623,33.8547,Coronavirus COVID-19 Global Cases by Johns Hopkins CSSE,https://www.arcgis.com/apps/opsdashboard/index.html#/bda7594740fd40299423467b48e9ecf6,hopkins.arcgis
Australien,"Kreuzfahrtschiff ""Diamond Princess""",1583953200000,2020-03-11T20:00:00+01:00,0,0,0,139.638,35.4437,2019 Novel Coronavirus COVID-19 (2019-nCoV) Data Repository by Johns Hopkins CSSE,https://github.com/CSSEGISandData/COVID-19,hopkins.github
global,Ukraine,1584138122000,2020-03-13T23:22:02+01:00,3,0,1,31.1656,48.3794,Coronavirus COVID-19 Global Cases by Johns Hopkins CSSE,https://www.arcgis.com/apps/opsdashboard/index.html#/bda7594740fd40299423467b48e9ecf6,hopkins.arcgis
global,Österreich,1584202435000,2020-03-14T17:13:55+01:00,655,6,1,14.5501,47.5162,Coronavirus COVID-19 Global Cases by Johns Hopkins CSSE,https://www.arcgis.com/apps/opsdashboard/index.html#/bda7594740fd40299423467b48e9ecf6,hopkins.arcgis
global,Schweiz,1584186809000,2020-03-14T12:53:29+01:00,1359,4,13,8.2275,46.8182,Coronavirus COVID-19 Global Cases by Johns Hopkins CSSE,https://www.arcgis.com/apps/opsdashboard/index.html#/bda7594740fd40299423467b48e9ecf6,hopkins.arcgis
global,Irland,1584216796000,2020-03-14T21:13:16+01:00,129,0,2,-7.6921,53.1424,Coronavirus COVID-19 Global Cases by Johns Hopkins CSSE,https://www.arcgis.com/apps/opsdashboard/index.html#/bda7594740fd40299423467b48e9ecf6,hopkins.arcgis
global,Georgien,1584189183000,2020-03-14T13:33:03+01:00,30,0,0,43.3569,42.3154,Coronavirus COVID-19 Global Cases by Johns Hopkins CSSE,https://www.arcgis.com/apps/opsdashboard/index.html#/bda7594740fd40299423467b48e9ecf6,hopkins.arcgis
global,Bangladesch,1584138122000,2020-03-13T23:22:02+01:00,3,0,0,90.3563,23.685,Coronavirus COVID-19 Global Cases by Johns Hopkins CSSE,https://www.arcgis.com/apps/opsdashboard/index.html#/bda7594740fd40299423467b48e9ecf6,hopkins.arcgis
global,Kuwait,1584202474000,2020-03-14T17:14:34+01:00,104,5,0,47.4818,29.3117,Coronavirus COVID-19 Global Cases by Johns Hopkins CSSE,https://www.arcgis.com/apps/opsdashboard/index.html#/bda7594740fd40299423467b48e9ecf6,hopkins.arcgis
global,Nordmazedonien,1584142385000,2020-03-14T00:33:05+01:00,14,1,0,21.7453,41.6086,Coronavirus COVID-19 Global Cases by Johns Hopkins CSSE,https://www.arcgis.com/apps/opsdashboard/index.html#/bda7594740fd40299423467b48e9ecf6,hopkins.arcgis
global,Brasilien,1584138118000,2020-03-13T23:21:58+01:00,151,0,0,-51.9253,-14.235,Coronavirus COVID-19 Global Cases by Johns Hopkins CSSE,https://www.arcgis.com/apps/opsdashboard/index.html#/bda7594740fd40299423467b48e9ecf6,hopkins.arcgis
global,Griechenland,1584216796000,2020-03-14T21:13:16+01:00,228,0,3,21.8243,39.0742,Coronavirus COVID-19 Global Cases by Johns Hopkins CSSE,https://www.arcgis.com/apps/opsdashboard/index.html#/bda7594740fd40299423467b48e9ecf6,hopkins.arcgis
global,Schweden,1584197584000,2020-03-14T15:53:04+01:00,944,1,2,18.6435,60.1282,Coronavirus COVID-19 Global Cases by Johns Hopkins CSSE,https://www.arcgis.com/apps/opsdashboard/index.html#/bda7594740fd40299423467b48e9ecf6,hopkins.arcgis
global,Pakistan,1584217983000,2020-03-14T21:33:03+01:00,31,2,0,69.3451,30.3753,Coronavirus COVID-19 Global Cases by Johns Hopkins CSSE,https://www.arcgis.com/apps/opsdashboard/index.html#/bda7594740fd40299423467b48e9ecf6,hopkins.arcgis
global,Norwegen,1584149582000,2020-03-14T02:33:02+01:00,996,1,1,8.4689,60.472,Coronavirus COVID-19 Global Cases by Johns Hopkins CSSE,https://www.arcgis.com/apps/opsdashboard/index.html#/bda7594740fd40299423467b48e9ecf6,hopkins.arcgis
global,Frankreich,1584216796000,2020-03-14T21:13:16+01:00,4469,12,91,2.2137,46.2276,Coronavirus COVID-19 Global Cases by Johns Hopkins CSSE,https://www.arcgis.com/apps/opsdashboard/index.html#/bda7594740fd40299423467b48e9ecf6,hopkins.arcgis
global,Türkei,1584142386000,2020-03-14T00:33:06+01:00,5,0,0,35.2433,38.9637,Coronavirus COVID-19 Global Cases by Johns Hopkins CSSE,https://www.arcgis.com/apps/opsdashboard/index.html#/bda7594740fd40299423467b48e9ecf6,hopkins.arcgis
global,Bahrain,1584186809000,2020-03-14T12:53:29+01:00,210,44,0,50.5577,26.0667,Coronavirus COVID-19 Global Cases by Johns Hopkins CSSE,https://www.arcgis.com/apps/opsdashboard/index.html#/bda7594740fd40299423467b48e9ecf6,hopkins.arcgis
global,Island,1584197584000,2020-03-14T15:53:04+01:00,156,1,0,-19.0208,64.9631,Coronavirus COVID-19 Global Cases by Johns Hopkins CSSE,https://www.arcgis.com/apps/opsdashboard/index.html#/bda7594740fd40299423467b48e9ecf6,hopkins.arcgis
global,Ecuador,1584144785000,2020-03-14T01:13:05+01:00,17,0,1,-78.1834,-1.8312,Coronavirus COVID-19 Global Cases by Johns Hopkins CSSE,https://www.arcgis.com/apps/opsdashboard/index.html#/bda7594740fd40299423467b48e9ecf6,hopkins.arcgis
global,Estland,1584217983000,2020-03-14T21:33:03+01:00,115,0,0,25.0136,58.5953,Coronavirus COVID-19 Global Cases by Johns Hopkins CSSE,https://www.arcgis.com/apps/opsdashboard/index.html#/bda7594740fd40299423467b48e9ecf6,hopkins.arcgis
global,Dänemark,1584186809000,2020-03-14T12:53:29+01:00,827,1,0,9.5018,56.2639,Coronavirus COVID-19 Global Cases by Johns Hopkins CSSE,https://www.arcgis.com/apps/opsdashboard/index.html#/bda7594740fd40299423467b48e9ecf6,hopkins.arcgis
Großbritannien,United Kingdom,1584197584000,2020-03-14T15:53:04+01:00,1140,18,21,-3.436,55.3781,Coronavirus COVID-19 Global Cases by Johns Hopkins CSSE,https://www.arcgis.com/apps/opsdashboard/index.html#/bda7594740fd40299423467b48e9ecf6,hopkins.arcgis
global,Niederlande,1584138117000,2020-03-13T23:21:57+01:00,804,0,10,5.2913,52.1326,Coronavirus COVID-19 Global Cases by Johns Hopkins CSSE,https://www.arcgis.com/apps/opsdashboard/index.html#/bda7594740fd40299423467b48e9ecf6,hopkins.arcgis
global,Kuba,1584143582000,2020-03-14T00:53:02+01:00,4,0,0,-77.7812,21.5218,Coronavirus COVID-19 Global Cases by Johns Hopkins CSSE,https://www.arcgis.com/apps/opsdashboard/index.html#/bda7594740fd40299423467b48e9ecf6,hopkins.arcgis
Kanada,Quebec,1584106383000,2020-03-13T14:33:03+01:00,17,0,0,-73.5491,52.9399,Coronavirus COVID-19 Global Cases by Johns Hopkins CSSE,https://www.arcgis.com/apps/opsdashboard/index.html#/bda7594740fd40299423467b48e9ecf6,hopkins.arcgis
global,Nigeria,1584138122000,2020-03-13T23:22:02+01:00,2,0,0,8.6753,9.082,Coronavirus COVID-19 Global Cases by Johns Hopkins CSSE,https://www.arcgis.com/apps/opsdashboard/index.html#/bda7594740fd40299423467b48e9ecf6,hopkins.arcgis
global,Litauen,1584197584000,2020-03-14T15:53:04+01:00,8,0,0,23.8813,55.1694,Coronavirus COVID-19 Global Cases by Johns Hopkins CSSE,https://www.arcgis.com/apps/opsdashboard/index.html#/bda7594740fd40299423467b48e9ecf6,hopkins.arcgis
global,Neuseeland,1584138121000,2020-03-13T23:22:01+01:00,5,0,0,174.886,-40.9006,Coronavirus COVID-19 Global Cases by Johns Hopkins CSSE,https://www.arcgis.com/apps/opsdashboard/index.html#/bda7594740fd40299423467b48e9ecf6,hopkins.arcgis
global,Belarus,1584138119000,2020-03-13T23:21:59+01:00,27,3,0,27.9534,53.7098,Coronavirus COVID-19 Global Cases by Johns Hopkins CSSE,https://www.arcgis.com/apps/opsdashboard/index.html#/bda7594740fd40299423467b48e9ecf6,hopkins.arcgis
global,Aserbaidschan,1584101616000,2020-03-13T13:13:36+01:00,15,3,1,47.5769,40.1431,Coronavirus COVID-19 Global Cases by Johns Hopkins CSSE,https://www.arcgis.com/apps/opsdashboard/index.html#/bda7594740fd40299423467b48e9ecf6,hopkins.arcgis
global,Armenien,1584190387000,2020-03-14T13:53:07+01:00,15,0,0,45.0382,40.0691,Coronavirus COVID-19 Global Cases by Johns Hopkins CSSE,https://www.arcgis.com/apps/opsdashboard/index.html#/bda7594740fd40299423467b48e9ecf6,hopkins.arcgis
global,Kasachstan,1584190387000,2020-03-14T13:53:07+01:00,6,0,0,66.9237,48.0196,Coronavirus COVID-19 Global Cases by Johns Hopkins CSSE,https://www.arcgis.com/apps/opsdashboard/index.html#/bda7594740fd40299423467b48e9ecf6,hopkins.arcgis
global,Iran,1584185586000,2020-03-14T12:33:06+01:00,12729,2959,611,53.688,32.4279,Coronavirus COVID-19 Global Cases by Johns Hopkins CSSE,https://www.arcgis.com/apps/opsdashboard/index.html#/bda7594740fd40299423467b48e9ecf6,hopkins.arcgis
global,Israel,1584216796000,2020-03-14T21:13:16+01:00,193,4,0,34.8516,31.0461,Coronavirus COVID-19 Global Cases by Johns Hopkins CSSE,https://www.arcgis.com/apps/opsdashboard/index.html#/bda7594740fd40299423467b48e9ecf6,hopkins.arcgis
Frankreich,French Polynesia,1584204783000,2020-03-14T17:53:03+01:00,3,0,0,149.4068,-17.6797,Coronavirus COVID-19 Global Cases by Johns Hopkins CSSE,https://www.arcgis.com/apps/opsdashboard/index.html#/bda7594740fd40299423467b48e9ecf6,hopkins.arcgis
Australien,Western Australia,1584192784000,2020-03-14T14:33:04+01:00,17,0,1,115.8605,-31.9505,Coronavirus COVID-19 Global Cases by Johns Hopkins CSSE,https://www.arcgis.com/apps/opsdashboard/index.html#/bda7594740fd40299423467b48e9ecf6,hopkins.arcgis
global,Cayman-Inseln,1584102783000,2020-03-13T13:33:03+01:00,1,0,0,-81.2546,19.3133,Coronavirus COVID-19 Global Cases by Johns Hopkins CSSE,https://www.arcgis.com/apps/opsdashboard/index.html#/bda7594740fd40299423467b48e9ecf6,hopkins.arcgis
global,Japan,1584148408000,2020-03-14T02:13:28+01:00,725,118,21,138.2529,36.2048,Coronavirus COVID-19 Global Cases by Johns Hopkins CSSE,https://www.arcgis.com/apps/opsdashboard/index.html#/bda7594740fd40299423467b48e9ecf6,hopkins.arcgis
global,Tschechien,1584216796000,2020-03-14T21:13:16+01:00,189,0,0,15.473,49.8175,Coronavirus COVID-19 Global Cases by Johns Hopkins CSSE,https://www.arcgis.com/apps/opsdashboard/index.html#/bda7594740fd40299423467b48e9ecf6,hopkins.arcgis
global,Katar,1584186809000,2020-03-14T12:53:29+01:00,337,0,0,51.1839,25.3548,Coronavirus COVID-19 Global Cases by Johns Hopkins CSSE,https://www.arcgis.com/apps/opsdashboard/index.html#/bda7594740fd40299423467b48e9ecf6,hopkins.arcgis
global,Singapur,1584202470000,2020-03-14T17:14:30+01:00,212,105,0,103.8198,1.3521,Coronavirus COVID-19 Global Cases by Johns Hopkins CSSE,https://www.arcgis.com/apps/opsdashboard/index.html#/bda7594740fd40299423467b48e9ecf6,hopkins.arcgis
global,Guadeloupe,1584102783000,2020-03-13T13:33:03+01:00,1,0,0,-61.551,16.265,Coronavirus COVID-19 Global Cases by Johns Hopkins CSSE,https://www.arcgis.com/apps/opsdashboard/index.html#/bda7594740fd40299423467b48e9ecf6,hopkins.arcgis
global,Dominikanische Republik,1584138122000,2020-03-13T23:22:02+01:00,5,0,0,-70.1627,18.7357,Coronavirus COVID-19 Global Cases by Johns Hopkins CSSE,https://www.arcgis.com/apps/opsdashboard/index.html#/bda7594740fd40299423467b48e9ecf6,hopkins.arcgis
global,Ägypten,1584187992000,2020-03-14T13:13:12+01:00,93,27,2,30.8025,26.8206,Coronavirus COVID-19 Global Cases by Johns Hopkins CSSE,https://www.arcgis.com/apps/opsdashboard/index.html#/bda7594740fd40299423467b48e9ecf6,hopkins.arcgis
global,Bolivien,1584190387000,2020-03-14T13:53:07+01:00,10,0,0,-63.5887,-16.2902,Coronavirus COVID-19 Global Cases by Johns Hopkins CSSE,https://www.arcgis.com/apps/opsdashboard/index.html#/bda7594740fd40299423467b48e9ecf6,hopkins.arcgis
Kanada,Manitoba,1584144785000,2020-03-14T01:13:05+01:00,4,0,0,-98.8139,53.7609,Coronavirus COVID-19 Global Cases by Johns Hopkins CSSE,https://www.arcgis.com/apps/opsdashboard/index.html#/bda7594740fd40299423467b48e9ecf6,hopkins.arcgis
Kanada,Saskatchewan,1584144785000,2020-03-14T01:13:05+01:00,2,0,0,-106.4509,52.9399,Coronavirus COVID-19 Global Cases by Johns Hopkins CSSE,https://www.arcgis.com/apps/opsdashboard/index.html#/bda7594740fd40299423467b48e9ecf6,hopkins.arcgis
global,Indonesien,1584187992000,2020-03-14T13:13:12+01:00,96,2,5,113.9213,-0.7893,Coronavirus COVID-19 Global Cases by Johns Hopkins CSSE,https://www.arcgis.com/apps/opsdashboard/index.html#/bda7594740fd40299423467b48e9ecf6,hopkins.arcgis
global,Südkorea,1584149582000,2020-03-14T02:33:02+01:00,8086,510,72,127.7669,35.9078,Coronavirus COVID-19 Global Cases by Johns Hopkins CSSE,https://www.arcgis.com/apps/opsdashboard/index.html#/bda7594740fd40299423467b48e9ecf6,hopkins.arcgis
global,Lettland,1584189183000,2020-03-14T13:33:03+01:00,26,1,0,24.6032,56.8796,Coronavirus COVID-19 Global Cases by Johns Hopkins CSSE,https://www.arcgis.com/apps/opsdashboard/index.html#/bda7594740fd40299423467b48e9ecf6,hopkins.arcgis
global,Senegal,1584142385000,2020-03-14T00:33:05+01:00,10,1,0,-14.4524,14.4974,Coronavirus COVID-19 Global Cases by Johns Hopkins CSSE,https://www.arcgis.com/apps/opsdashboard/index.html#/bda7594740fd40299423467b48e9ecf6,hopkins.arcgis
global,Äthiopien,1584142386000,2020-03-14T00:33:06+01:00,1,0,0,40.4897,9.145,Coronavirus COVID-19 Global Cases by Johns Hopkins CSSE,https://www.arcgis.com/apps/opsdashboard/index.html#/bda7594740fd40299423467b48e9ecf6,hopkins.arcgis
global,Sudan,1584148412000,2020-03-14T02:13:32+01:00,1,0,1,30.2176,12.8628,Coronavirus COVID-19 Global Cases by Johns Hopkins CSSE,https://www.arcgis.com/apps/opsdashboard/index.html#/bda7594740fd40299423467b48e9ecf6,hopkins.arcgis
global,Portugal,1584202487000,2020-03-14T17:14:47+01:00,169,2,0,-8.2245,39.3999,Coronavirus COVID-19 Global Cases by Johns Hopkins CSSE,https://www.arcgis.com/apps/opsdashboard/index.html#/bda7594740fd40299423467b48e9ecf6,hopkins.arcgis
global,Andorra,1584138122000,2020-03-13T23:22:02+01:00,1,1,0,1.5218,42.5063,Coronavirus COVID-19 Global Cases by Johns Hopkins CSSE,https://www.arcgis.com/apps/opsdashboard/index.html#/bda7594740fd40299423467b48e9ecf6,hopkins.arcgis
global,Guinea,1584113613000,2020-03-13T16:33:33+01:00,1,0,0,-9.6966,9.9456,Coronavirus COVID-19 Global Cases by Johns Hopkins CSSE,https://www.arcgis.com/apps/opsdashboard/index.html#/bda7594740fd40299423467b48e9ecf6,hopkins.arcgis
global,Antigua und Barbuda,1584138126000,2020-03-13T23:22:06+01:00,1,0,0,-61.7964,17.0608,Coronavirus COVID-19 Global Cases by Johns Hopkins CSSE,https://www.arcgis.com/apps/opsdashboard/index.html#/bda7594740fd40299423467b48e9ecf6,hopkins.arcgis
global,Belgien,1584186809000,2020-03-14T12:53:29+01:00,689,1,4,4.4699,50.5039,Coronavirus COVID-19 Global Cases by Johns Hopkins CSSE,https://www.arcgis.com/apps/opsdashboard/index.html#/bda7594740fd40299423467b48e9ecf6,hopkins.arcgis
global,Russland,1584217983000,2020-03-14T21:33:03+01:00,59,3,0,105.3188,61.524,Coronavirus COVID-19 Global Cases by Johns Hopkins CSSE,https://www.arcgis.com/apps/opsdashboard/index.html#/bda7594740fd40299423467b48e9ecf6,hopkins.arcgis
global,Indien,1584217983000,2020-03-14T21:33:03+01:00,102,4,2,78.9629,20.5937,Coronavirus COVID-19 Global Cases by Johns Hopkins CSSE,https://www.arcgis.com/apps/opsdashboard/index.html#/bda7594740fd40299423467b48e9ecf6,hopkins.arcgis
global,Marokko,1584142386000,2020-03-14T00:33:06+01:00,7,1,1,-7.0926,31.7917,Coronavirus COVID-19 Global Cases by Johns Hopkins CSSE,https://www.arcgis.com/apps/opsdashboard/index.html#/bda7594740fd40299423467b48e9ecf6,hopkins.arcgis
global,Aruba,1584143583000,2020-03-14T00:53:03+01:00,2,0,0,-69.9683,12.5211,Coronavirus COVID-19 Global Cases by Johns Hopkins CSSE,https://www.arcgis.com/apps/opsdashboard/index.html#/bda7594740fd40299423467b48e9ecf6,hopkins.arcgis
Kanada,"Kreuzfahrtschiff ""Grand Princess""",1583953200000,2020-03-11T20:00:00+01:00,2,0,0,-122.6655,37.6489,2019 Novel Coronavirus COVID-19 (2019-nCoV) Data Repository by Johns Hopkins CSSE,https://github.com/CSSEGISandData/COVID-19,hopkins.github
global,Argentinien,1584217983000,2020-03-14T21:33:03+01:00,34,1,2,-63.6167,-38.4161,Coronavirus COVID-19 Global Cases by Johns Hopkins CSSE,https://www.arcgis.com/apps/opsdashboard/index.html#/bda7594740fd40299423467b48e9ecf6,hopkins.arcgis
global,Chile,1584217983000,2020-03-14T21:33:03+01:00,61,0,0,-71.543,-35.6751,Coronavirus COVID-19 Global Cases by Johns Hopkins CSSE,https://www.arcgis.com/apps/opsdashboard/index.html#/bda7594740fd40299423467b48e9ecf6,hopkins.arcgis
global,Jordanien,1584190387000,2020-03-14T13:53:07+01:00,1,1,0,36.2384,30.5852,Coronavirus COVID-19 Global Cases by Johns Hopkins CSSE,https://www.arcgis.com/apps/opsdashboard/index.html#/bda7594740fd40299423467b48e9ecf6,hopkins.arcgis
global,Kenia,1584138123000,2020-03-13T23:22:03+01:00,1,0,0,37.9062,-0.0236,Coronavirus COVID-19 Global Cases by Johns Hopkins CSSE,https://www.arcgis.com/apps/opsdashboard/index.html#/bda7594740fd40299423467b48e9ecf6,hopkins.arcgis
Frankreich,Saint Barthélemy,1584203583000,2020-03-14T17:33:03+01:00,1,0,0,-62.8333,17.9,Coronavirus COVID-19 Global Cases by Johns Hopkins CSSE,https://www.arcgis.com/apps/opsdashboard/index.html#/bda7594740fd40299423467b48e9ecf6,hopkins.arcgis
Frankreich,Saint Martin,1584203583000,2020-03-14T17:33:03+01:00,2,0,0,-63.0501,18.0708,Coronavirus COVID-19 Global Cases by Johns Hopkins CSSE,https://www.arcgis.com/apps/opsdashboard/index.html#/bda7594740fd40299423467b48e9ecf6,hopkins.arcgis
global,Polen,1584217983000,2020-03-14T21:33:03+01:00,93,0,2,19.1451,51.9194,Coronavirus COVID-19 Global Cases by Johns Hopkins CSSE,https://www.arcgis.com/apps/opsdashboard/index.html#/bda7594740fd40299423467b48e9ecf6,hopkins.arcgis
Dänemark,Färöer,1584203583000,2020-03-14T17:33:03+01:00,9,0,0,-6.9118,61.8926,Coronavirus COVID-19 Global Cases by Johns Hopkins CSSE,https://www.arcgis.com/apps/opsdashboard/index.html#/bda7594740fd40299423467b48e9ecf6,hopkins.arcgis
Großbritannien,Gibraltar,1584203583000,2020-03-14T17:33:03+01:00,1,1,0,-5.3536,36.1408,Coronavirus COVID-19 Global Cases by Johns Hopkins CSSE,https://www.arcgis.com/apps/opsdashboard/index.html#/bda7594740fd40299423467b48e9ecf6,hopkins.arcgis
global,Ungarn,1584189183000,2020-03-14T13:33:03+01:00,25,1,0,19.5033,47.1625,Coronavirus COVID-19 Global Cases by Johns Hopkins CSSE,https://www.arcgis.com/apps/opsdashboard/index.html#/bda7594740fd40299423467b48e9ecf6,hopkins.arcgis
Australien,Northern Territory,1584150783000,2020-03-14T02:53:03+01:00,1,0,0,130.8456,-12.4634,Coronavirus COVID-19 Global Cases by Johns Hopkins CSSE,https://www.arcgis.com/apps/opsdashboard/index.html#/bda7594740fd40299423467b48e9ecf6,hopkins.arcgis
USA,Alabama,1584204783000,2020-03-14T17:53:03+01:00,6,0,0,-86.9023,32.3182,Coronavirus COVID-19 Global Cases by Johns Hopkins CSSE,https://www.arcgis.com/apps/opsdashboard/index.html#/bda7594740fd40299423467b48e9ecf6,hopkins.arcgis
global,Slowenien,1584216796000,2020-03-14T21:13:16+01:00,181,0,0,14.9955,46.1512,Coronavirus COVID-19 Global Cases by Johns Hopkins CSSE,https://www.arcgis.com/apps/opsdashboard/index.html#/bda7594740fd40299423467b48e9ecf6,hopkins.arcgis
global,Finnland,1584197584000,2020-03-14T15:53:04+01:00,223,1,0,25.7482,61.9241,Coronavirus COVID-19 Global Cases by Johns Hopkins CSSE,https://www.arcgis.com/apps/opsdashboard/index.html#/bda7594740fd40299423467b48e9ecf6,hopkins.arcgis
global,Südafrika,1584202496000,2020-03-14T17:14:56+01:00,38,0,0,22.9375,-30.5595,Coronavirus COVID-19 Global Cases by Johns Hopkins CSSE,https://www.arcgis.com/apps/opsdashboard/index.html#/bda7594740fd40299423467b48e9ecf6,hopkins.arcgis
global,Bosnien und Herzegowina,1584189183000,2020-03-14T13:33:03+01:00,18,0,0,17.6791,43.9159,Coronavirus COVID-19 Global Cases by Johns Hopkins CSSE,https://www.arcgis.com/apps/opsdashboard/index.html#/bda7594740fd40299423467b48e9ecf6,hopkins.arcgis
global,Saudiarabien,1584217983000,2020-03-14T21:33:03+01:00,103,1,0,45.0792,23.8859,Coronavirus COVID-19 Global Cases by Johns Hopkins CSSE,https://www.arcgis.com/apps/opsdashboard/index.html#/bda7594740fd40299423467b48e9ecf6,hopkins.arcgis
global,Elfenbeinküste,1584138122000,2020-03-13T23:22:02+01:00,1,0,0,-5.5471,7.54,Coronavirus COVID-19 Global Cases by Johns Hopkins CSSE,https://www.arcgis.com/apps/opsdashboard/index.html#/bda7594740fd40299423467b48e9ecf6,hopkins.arcgis
global,Luxemburg,1584217983000,2020-03-14T21:33:03+01:00,51,0,1,6.1296,49.8153,Coronavirus COVID-19 Global Cases by Johns Hopkins CSSE,https://www.arcgis.com/apps/opsdashboard/index.html#/bda7594740fd40299423467b48e9ecf6,hopkins.arcgis
global,Costa Rica,1584189183000,2020-03-14T13:33:03+01:00,26,0,0,-83.7534,9.7489,Coronavirus COVID-19 Global Cases by Johns Hopkins CSSE,https://www.arcgis.com/apps/opsdashboard/index.html#/bda7594740fd40299423467b48e9ecf6,hopkins.arcgis
Kanada,Alberta,1584144785000,2020-03-14T01:13:05+01:00,29,0,0,-116.5765,53.9333,Coronavirus COVID-19 Global Cases by Johns Hopkins CSSE,https://www.arcgis.com/apps/opsdashboard/index.html#/bda7594740fd40299423467b48e9ecf6,hopkins.arcgis
global,Bhutan,1584138122000,2020-03-13T23:22:02+01:00,1,0,0,90.4336,27.5142,Coronavirus COVID-19 Global Cases by Johns Hopkins CSSE,https://www.arcgis.com/apps/opsdashboard/index.html#/bda7594740fd40299423467b48e9ecf6,hopkins.arcgis
global,Spanien,1584215582000,2020-03-14T20:53:02+01:00,6315,517,191,-3.7492,40.4637,Coronavirus COVID-19 Global Cases by Johns Hopkins CSSE,https://www.arcgis.com/apps/opsdashboard/index.html#/bda7594740fd40299423467b48e9ecf6,hopkins.arcgis
global,Malaysia,1584202435000,2020-03-14T17:13:55+01:00,238,35,0,101.9758,4.2105,Coronavirus COVID-19 Global Cases by Johns Hopkins CSSE,https://www.arcgis.com/apps/opsdashboard/index.html#/bda7594740fd40299423467b48e9ecf6,hopkins.arcgis
global,Vatikan,1584138122000,2020-03-13T23:22:02+01:00,1,0,0,12.4534,41.9029,Coronavirus COVID-19 Global Cases by Johns Hopkins CSSE,https://www.arcgis.com/apps/opsdashboard/index.html#/bda7594740fd40299423467b48e9ecf6,hopkins.arcgis
global,Serbien,1584187992000,2020-03-14T13:13:12+01:00,41,0,0,21.0059,44.0165,Coronavirus COVID-19 Global Cases by Johns Hopkins CSSE,https://www.arcgis.com/apps/opsdashboard/index.html#/bda7594740fd40299423467b48e9ecf6,hopkins.arcgis
global,Kamerun,1584138122000,2020-03-13T23:22:02+01:00,2,0,0,11.5021,3.848,Coronavirus COVID-19 Global Cases by Johns Hopkins CSSE,https://www.arcgis.com/apps/opsdashboard/index.html#/bda7594740fd40299423467b48e9ecf6,hopkins.arcgis
global,Slowakei,1584217983000,2020-03-14T21:33:03+01:00,44,0,0,19.699,48.669,Coronavirus COVID-19 Global Cases by Johns Hopkins CSSE,https://www.arcgis.com/apps/opsdashboard/index.html#/bda7594740fd40299423467b48e9ecf6,hopkins.arcgis
global,Togo,1584138122000,2020-03-13T23:22:02+01:00,1,0,0,0.8248,8.6195,Coronavirus COVID-19 Global Cases by Johns Hopkins CSSE,https://www.arcgis.com/apps/opsdashboard/index.html#/bda7594740fd40299423467b48e9ecf6,hopkins.arcgis
global,Peru,1584189183000,2020-03-14T13:33:03+01:00,38,0,0,-75.0152,-9.19,Coronavirus COVID-19 Global Cases by Johns Hopkins CSSE,https://www.arcgis.com/apps/opsdashboard/index.html#/bda7594740fd40299423467b48e9ecf6,hopkins.arcgis
global,Rumänien,1584216796000,2020-03-14T21:13:16+01:00,116,9,0,24.9668,45.9432,Coronavirus COVID-19 Global Cases by Johns Hopkins CSSE,https://www.arcgis.com/apps/opsdashboard/index.html#/bda7594740fd40299423467b48e9ecf6,hopkins.arcgis
global,Mexiko,1584190387000,2020-03-14T13:53:07+01:00,15,4,0,-102.5528,23.6345,Coronavirus COVID-19 Global Cases by Johns Hopkins CSSE,https://www.arcgis.com/apps/opsdashboard/index.html#/bda7594740fd40299423467b48e9ecf6,hopkins.arcgis
global,Kolumbien,1584190387000,2020-03-14T13:53:07+01:00,16,0,0,-74.2973,4.5709,Coronavirus COVID-19 Global Cases by Johns Hopkins CSSE,https://www.arcgis.com/apps/opsdashboard/index.html#/bda7594740fd40299423467b48e9ecf6,hopkins.arcgis
USA,"Kreuzfahrtschiff ""Grand Princess""",1583953200000,2020-03-11T20:00:00+01:00,21,0,0,-122.665479,37.64894,2019 Novel Coronavirus COVID-19 (2019-nCoV) Data Repository by Johns Hopkins CSSE,https://github.com/CSSEGISandData/COVID-19,hopkins.github
global,Brunei,1584217983000,2020-03-14T21:33:03+01:00,40,0,0,114.7277,4.5353,Coronavirus COVID-19 Global Cases by Johns Hopkins CSSE,https://www.arcgis.com/apps/opsdashboard/index.html#/bda7594740fd40299423467b48e9ecf6,hopkins.arcgis
global,Martinique,1584197584000,2020-03-14T15:53:04+01:00,9,0,0,-61.0242,14.6415,Coronavirus COVID-19 Global Cases by Johns Hopkins CSSE,https://www.arcgis.com/apps/opsdashboard/index.html#/bda7594740fd40299423467b48e9ecf6,hopkins.arcgis
global,Französisch-Guyana,1583953200000,2020-03-11T20:00:00+01:00,5,0,0,-53.1258,3.9339,2019 Novel Coronavirus COVID-19 (2019-nCoV) Data Repository by Johns Hopkins CSSE,https://github.com/CSSEGISandData/COVID-19,hopkins.github
global,Malta,1584189183000,2020-03-14T13:33:03+01:00,18,1,0,14.3754,35.9375,Coronavirus COVID-19 Global Cases by Johns Hopkins CSSE,https://www.arcgis.com/apps/opsdashboard/index.html#/bda7594740fd40299423467b48e9ecf6,hopkins.arcgis
global,Paraguay,1584142386000,2020-03-14T00:33:06+01:00,6,0,0,-58.4438,-23.4425,Coronavirus COVID-19 Global Cases by Johns Hopkins CSSE,https://www.arcgis.com/apps/opsdashboard/index.html#/bda7594740fd40299423467b48e9ecf6,hopkins.arcgis
global,Moldawien,1584142386000,2020-03-14T00:33:06+01:00,6,0,0,28.3699,47.4116,Coronavirus COVID-19 Global Cases by Johns Hopkins CSSE,https://www.arcgis.com/apps/opsdashboard/index.html#/bda7594740fd40299423467b48e9ecf6,hopkins.arcgis
global,Malediven,1584202498000,2020-03-14T17:14:58+01:00,10,0,0,73.2207,3.2028,Coronavirus COVID-19 Global Cases by Johns Hopkins CSSE,https://www.arcgis.com/apps/opsdashboard/index.html#/bda7594740fd40299423467b48e9ecf6,hopkins.arcgis
global,Bulgarien,1584217983000,2020-03-14T21:33:03+01:00,41,0,2,25.4858,42.7339,Coronavirus COVID-19 Global Cases by Johns Hopkins CSSE,https://www.arcgis.com/apps/opsdashboard/index.html#/bda7594740fd40299423467b48e9ecf6,hopkins.arcgis
global,Tunesien,1584142385000,2020-03-14T00:33:05+01:00,16,0,0,9.5375,33.8869,Coronavirus COVID-19 Global Cases by Johns Hopkins CSSE,https://www.arcgis.com/apps/opsdashboard/index.html#/bda7594740fd40299423467b48e9ecf6,hopkins.arcgis
global,Zypern,1584189183000,2020-03-14T13:33:03+01:00,21,0,0,33.4299,35.1264,Coronavirus COVID-19 Global Cases by Johns Hopkins CSSE,https://www.arcgis.com/apps/opsdashboard/index.html#/bda7594740fd40299423467b48e9ecf6,hopkins.arcgis
USA,Alaska,1583953200000,2020-03-11T20:00:00+01:00,1,0,0,-152.404419,61.370716,2019 Novel Coronavirus COVID-19 (2019-nCoV) Data Repository by Johns Hopkins CSSE,https://github.com/CSSEGISandData/COVID-19,hopkins.github
USA,Arizona,1584209603000,2020-03-14T19:13:23+01:00,12,1,0,-111.431221,33.729759,Coronavirus COVID-19 Global Cases by Johns Hopkins CSSE,https://www.arcgis.com/apps/opsdashboard/index.html#/bda7594740fd40299423467b48e9ecf6,hopkins.arcgis
USA,Arkansas,1584204783000,2020-03-14T17:53:03+01:00,9,0,0,-92.373123,34.969704,Coronavirus COVID-19 Global Cases by Johns Hopkins CSSE,https://www.arcgis.com/apps/opsdashboard/index.html#/bda7594740fd40299423467b48e9ecf6,hopkins.arcgis
USA,California,1584211983000,2020-03-14T19:53:03+01:00,323,6,5,-119.681564,36.116203,Coronavirus COVID-19 Global Cases by Johns Hopkins CSSE,https://www.arcgis.com/apps/opsdashboard/index.html#/bda7594740fd40299423467b48e9ecf6,hopkins.arcgis
USA,Colorado,1584208383000,2020-03-14T18:53:03+01:00,78,0,1,-105.311104,39.059811,Coronavirus COVID-19 Global Cases by Johns Hopkins CSSE,https://www.arcgis.com/apps/opsdashboard/index.html#/bda7594740fd40299423467b48e9ecf6,hopkins.arcgis
USA,Connecticut,1584204783000,2020-03-14T17:53:03+01:00,12,0,0,-72.755371,41.597782,Coronavirus COVID-19 Global Cases by Johns Hopkins CSSE,https://www.arcgis.com/apps/opsdashboard/index.html#/bda7594740fd40299423467b48e9ecf6,hopkins.arcgis
USA,Delaware,1584209600000,2020-03-14T19:13:20+01:00,6,0,0,-75.507141,39.318523,Coronavirus COVID-19 Global Cases by Johns Hopkins CSSE,https://www.arcgis.com/apps/opsdashboard/index.html#/bda7594740fd40299423467b48e9ecf6,hopkins.arcgis
USA,District of Columbia,1583967183000,2020-03-11T23:53:03+01:00,10,0,0,-77.026817,38.897438,Coronavirus COVID-19 Global Cases by Johns Hopkins CSSE,https://www.arcgis.com/apps/opsdashboard/index.html#/bda7594740fd40299423467b48e9ecf6,hopkins.arcgis
USA,Florida,1584211983000,2020-03-14T19:53:03+01:00,76,0,3,-81.686783,27.766279,Coronavirus COVID-19 Global Cases by Johns Hopkins CSSE,https://www.arcgis.com/apps/opsdashboard/index.html#/bda7594740fd40299423467b48e9ecf6,hopkins.arcgis
USA,Georgia,1584208383000,2020-03-14T18:53:03+01:00,66,0,1,-83.643074,33.040619,Coronavirus COVID-19 Global Cases by Johns Hopkins CSSE,https://www.arcgis.com/apps/opsdashboard/index.html#/bda7594740fd40299423467b48e9ecf6,hopkins.arcgis
USA,Hawaii,1584215583000,2020-03-14T20:53:03+01:00,4,0,0,-157.498337,21.094318,Coronavirus COVID-19 Global Cases by Johns Hopkins CSSE,https://www.arcgis.com/apps/opsdashboard/index.html#/bda7594740fd40299423467b48e9ecf6,hopkins.arcgis
USA,Idaho,1584145982000,2020-03-14T01:33:02+01:00,1,0,0,-114.478828,44.240459,Coronavirus COVID-19 Global Cases by Johns Hopkins CSSE,https://www.arcgis.com/apps/opsdashboard/index.html#/bda7594740fd40299423467b48e9ecf6,hopkins.arcgis
USA,Illinois,1584208383000,2020-03-14T18:53:03+01:00,47,2,0,-88.986137,40.349457,Coronavirus COVID-19 Global Cases by Johns Hopkins CSSE,https://www.arcgis.com/apps/opsdashboard/index.html#/bda7594740fd40299423467b48e9ecf6,hopkins.arcgis
USA,Indiana,1584204783000,2020-03-14T17:53:03+01:00,16,0,0,-86.258278,39.849426,Coronavirus COVID-19 Global Cases by Johns Hopkins CSSE,https://www.arcgis.com/apps/opsdashboard/index.html#/bda7594740fd40299423467b48e9ecf6,hopkins.arcgis
USA,Iowa,1584143583000,2020-03-14T00:53:03+01:00,17,0,0,-93.210526,42.011539,Coronavirus COVID-19 Global Cases by Johns Hopkins CSSE,https://www.arcgis.com/apps/opsdashboard/index.html#/bda7594740fd40299423467b48e9ecf6,hopkins.arcgis
USA,Kansas,1584213210000,2020-03-14T20:13:30+01:00,7,0,1,-96.726486,38.5266,Coronavirus COVID-19 Global Cases by Johns Hopkins CSSE,https://www.arcgis.com/apps/opsdashboard/index.html#/bda7594740fd40299423467b48e9ecf6,hopkins.arcgis
USA,Kentucky,1584143583000,2020-03-14T00:53:03+01:00,14,0,0,-84.670067,37.66814,Coronavirus COVID-19 Global Cases by Johns Hopkins CSSE,https://www.arcgis.com/apps/opsdashboard/index.html#/bda7594740fd40299423467b48e9ecf6,hopkins.arcgis
USA,Louisiana,1584211983000,2020-03-14T19:53:03+01:00,67,0,0,-91.867805,31.169546,Coronavirus COVID-19 Global Cases by Johns Hopkins CSSE,https://www.arcgis.com/apps/opsdashboard/index.html#/bda7594740fd40299423467b48e9ecf6,hopkins.arcgis
USA,Maine,1584204783000,2020-03-14T17:53:03+01:00,3,0,0,-69.381927,44.693947,Coronavirus COVID-19 Global Cases by Johns Hopkins CSSE,https://www.arcgis.com/apps/opsdashboard/index.html#/bda7594740fd40299423467b48e9ecf6,hopkins.arcgis
USA,Maryland,1584204783000,2020-03-14T17:53:03+01:00,28,0,0,-76.802101,39.063946,Coronavirus COVID-19 Global Cases by Johns Hopkins CSSE,https://www.arcgis.com/apps/opsdashboard/index.html#/bda7594740fd40299423467b48e9ecf6,hopkins.arcgis
USA,Massachusetts,1584142386000,2020-03-14T00:33:06+01:00,123,1,0,-71.530106,42.230171,Coronavirus COVID-19 Global Cases by Johns Hopkins CSSE,https://www.arcgis.com/apps/opsdashboard/index.html#/bda7594740fd40299423467b48e9ecf6,hopkins.arcgis
USA,Michigan,1584204783000,2020-03-14T17:53:03+01:00,25,0,0,-84.536095,43.326618,Coronavirus COVID-19 Global Cases by Johns Hopkins CSSE,https://www.arcgis.com/apps/opsdashboard/index.html#/bda7594740fd40299423467b48e9ecf6,hopkins.arcgis
USA,Minnesota,1584211983000,2020-03-14T19:53:03+01:00,21,0,0,-93.900192,45.694454,Coronavirus COVID-19 Global Cases by Johns Hopkins CSSE,https://www.arcgis.com/apps/opsdashboard/index.html#/bda7594740fd40299423467b48e9ecf6,hopkins.arcgis
USA,Mississippi,1584204783000,2020-03-14T17:53:03+01:00,6,0,0,-89.678696,32.741646,Coronavirus COVID-19 Global Cases by Johns Hopkins CSSE,https://www.arcgis.com/apps/opsdashboard/index.html#/bda7594740fd40299423467b48e9ecf6,hopkins.arcgis
USA,Missouri,1584204783000,2020-03-14T17:53:03+01:00,4,0,0,-92.288368,38.456085,Coronavirus COVID-19 Global Cases by Johns Hopkins CSSE,https://www.arcgis.com/apps/opsdashboard/index.html#/bda7594740fd40299423467b48e9ecf6,hopkins.arcgis
USA,Montana,1584204783000,2020-03-14T17:53:03+01:00,5,0,0,-110.454353,46.921925,Coronavirus COVID-19 Global Cases by Johns Hopkins CSSE,https://www.arcgis.com/apps/opsdashboard/index.html#/bda7594740fd40299423467b48e9ecf6,hopkins.arcgis
USA,Nebraska,1584204783000,2020-03-14T17:53:03+01:00,14,0,0,-98.268082,41.12537,Coronavirus COVID-19 Global Cases by Johns Hopkins CSSE,https://www.arcgis.com/apps/opsdashboard/index.html#/bda7594740fd40299423467b48e9ecf6,hopkins.arcgis
USA,Nevada,1584204783000,2020-03-14T17:53:03+01:00,20,0,0,-117.055374,38.313515,Coronavirus COVID-19 Global Cases by Johns Hopkins CSSE,https://www.arcgis.com/apps/opsdashboard/index.html#/bda7594740fd40299423467b48e9ecf6,hopkins.arcgis
USA,New Hampshire,1584204783000,2020-03-14T17:53:03+01:00,7,0,0,-71.563896,43.452492,Coronavirus COVID-19 Global Cases by Johns Hopkins CSSE,https://www.arcgis.com/apps/opsdashboard/index.html#/bda7594740fd40299423467b48e9ecf6,hopkins.arcgis
USA,New Jersey,1584203583000,2020-03-14T17:33:03+01:00,50,0,1,-74.521011,40.298904,Coronavirus COVID-19 Global Cases by Johns Hopkins CSSE,https://www.arcgis.com/apps/opsdashboard/index.html#/bda7594740fd40299423467b48e9ecf6,hopkins.arcgis
USA,New Mexico,1584144785000,2020-03-14T01:13:05+01:00,10,0,0,-106.248482,34.840515,Coronavirus COVID-19 Global Cases by Johns Hopkins CSSE,https://www.arcgis.com/apps/opsdashboard/index.html#/bda7594740fd40299423467b48e9ecf6,hopkins.arcgis
USA,New York,1584203583000,2020-03-14T17:33:03+01:00,524,0,1,-74.948051,42.165726,Coronavirus COVID-19 Global Cases by Johns Hopkins CSSE,https://www.arcgis.com/apps/opsdashboard/index.html#/bda7594740fd40299423467b48e9ecf6,hopkins.arcgis
USA,North Carolina,1584209603000,2020-03-14T19:13:23+01:00,24,0,0,-79.806419,35.630066,Coronavirus COVID-19 Global Cases by Johns Hopkins CSSE,https://www.arcgis.com/apps/opsdashboard/index.html#/bda7594740fd40299423467b48e9ecf6,hopkins.arcgis
USA,North Dakota,1584005583000,2020-03-12T10:33:03+01:00,1,0,0,-99.784012,47.528912,Coronavirus COVID-19 Global Cases by Johns Hopkins CSSE,https://www.arcgis.com/apps/opsdashboard/index.html#/bda7594740fd40299423467b48e9ecf6,hopkins.arcgis
USA,Ohio,1584211983000,2020-03-14T19:53:03+01:00,26,0,0,-82.764915,40.388783,Coronavirus COVID-19 Global Cases by Johns Hopkins CSSE,https://www.arcgis.com/apps/opsdashboard/index.html#/bda7594740fd40299423467b48e9ecf6,hopkins.arcgis
USA,Oklahoma,1584204783000,2020-03-14T17:53:03+01:00,4,0,0,-96.928917,35.565342,Coronavirus COVID-19 Global Cases by Johns Hopkins CSSE,https://www.arcgis.com/apps/opsdashboard/index.html#/bda7594740fd40299423467b48e9ecf6,hopkins.arcgis
USA,Oregon,1584203583000,2020-03-14T17:33:03+01:00,32,0,0,-122.070938,44.572021,Coronavirus COVID-19 Global Cases by Johns Hopkins CSSE,https://www.arcgis.com/apps/opsdashboard/index.html#/bda7594740fd40299423467b48e9ecf6,hopkins.arcgis
USA,Pennsylvania,1584211983000,2020-03-14T19:53:03+01:00,47,0,0,-77.209755,40.590752,Coronavirus COVID-19 Global Cases by Johns Hopkins CSSE,https://www.arcgis.com/apps/opsdashboard/index.html#/bda7594740fd40299423467b48e9ecf6,hopkins.arcgis
USA,Rhode Island,1584211983000,2020-03-14T19:53:03+01:00,20,0,0,-71.51178,41.680893,Coronavirus COVID-19 Global Cases by Johns Hopkins CSSE,https://www.arcgis.com/apps/opsdashboard/index.html#/bda7594740fd40299423467b48e9ecf6,hopkins.arcgis
USA,South Carolina,1584144785000,2020-03-14T01:13:05+01:00,13,0,0,-80.945007,33.856892,Coronavirus COVID-19 Global Cases by Johns Hopkins CSSE,https://www.arcgis.com/apps/opsdashboard/index.html#/bda7594740fd40299423467b48e9ecf6,hopkins.arcgis
USA,South Dakota,1584204783000,2020-03-14T17:53:03+01:00,9,0,1,-99.438828,44.299782,Coronavirus COVID-19 Global Cases by Johns Hopkins CSSE,https://www.arcgis.com/apps/opsdashboard/index.html#/bda7594740fd40299423467b48e9ecf6,hopkins.arcgis
USA,Tennessee,1584204783000,2020-03-14T17:53:03+01:00,30,0,0,-86.692345,35.747845,Coronavirus COVID-19 Global Cases by Johns Hopkins CSSE,https://www.arcgis.com/apps/opsdashboard/index.html#/bda7594740fd40299423467b48e9ecf6,hopkins.arcgis
USA,Texas,1584203583000,2020-03-14T17:33:03+01:00,50,0,0,-97.563461,31.054487,Coronavirus COVID-19 Global Cases by Johns Hopkins CSSE,https://www.arcgis.com/apps/opsdashboard/index.html#/bda7594740fd40299423467b48e9ecf6,hopkins.arcgis
USA,Utah,1584211983000,2020-03-14T19:53:03+01:00,10,0,0,-111.862434,40.150032,Coronavirus COVID-19 Global Cases by Johns Hopkins CSSE,https://www.arcgis.com/apps/opsdashboard/index.html#/bda7594740fd40299423467b48e9ecf6,hopkins.arcgis
USA,Vermont,1584213210000,2020-03-14T20:13:30+01:00,3,0,0,-72.710686,44.045876,Coronavirus COVID-19 Global Cases by Johns Hopkins CSSE,https://www.arcgis.com/apps/opsdashboard/index.html#/bda7594740fd40299423467b48e9ecf6,hopkins.arcgis
USA,Virginia,1584203583000,2020-03-14T17:33:03+01:00,31,0,0,-78.169968,37.769337,Coronavirus COVID-19 Global Cases by Johns Hopkins CSSE,https://www.arcgis.com/apps/opsdashboard/index.html#/bda7594740fd40299423467b48e9ecf6,hopkins.arcgis
USA,Washington,1584208383000,2020-03-14T18:53:03+01:00,569,1,37,-121.490494,47.400902,Coronavirus COVID-19 Global Cases by Johns Hopkins CSSE,https://www.arcgis.com/apps/opsdashboard/index.html#/bda7594740fd40299423467b48e9ecf6,hopkins.arcgis
USA,West Virginia,1583953200000,2020-03-11T20:00:00+01:00,0,0,0,-80.954453,38.491226,2019 Novel Coronavirus COVID-19 (2019-nCoV) Data Repository by Johns Hopkins CSSE,https://github.com/CSSEGISandData/COVID-19,hopkins.github
USA,Wisconsin,1584143583000,2020-03-14T00:53:03+01:00,19,1,0,-89.616508,44.268543,Coronavirus COVID-19 Global Cases by Johns Hopkins CSSE,https://www.arcgis.com/apps/opsdashboard/index.html#/bda7594740fd40299423467b48e9ecf6,hopkins.arcgis
USA,Wyoming,1584204783000,2020-03-14T17:53:03+01:00,2,0,0,-107.30249,42.755966,Coronavirus COVID-19 Global Cases by Johns Hopkins CSSE,https://www.arcgis.com/apps/opsdashboard/index.html#/bda7594740fd40299423467b48e9ecf6,hopkins.arcgis
global,Vietnam,1584187992000,2020-03-14T13:13:12+01:00,53,16,0,108.2772,14.0583,Coronavirus COVID-19 Global Cases by Johns Hopkins CSSE,https://www.arcgis.com/apps/opsdashboard/index.html#/bda7594740fd40299423467b48e9ecf6,hopkins.arcgis
global,Mongolei,1584138122000,2020-03-13T23:22:02+01:00,1,0,0,103.8467,46.8625,Coronavirus COVID-19 Global Cases by Johns Hopkins CSSE,https://www.arcgis.com/apps/opsdashboard/index.html#/bda7594740fd40299423467b48e9ecf6,hopkins.arcgis
global,Jamaica,1584138122000,2020-03-13T23:22:02+01:00,8,0,0,-77.2975,18.1096,Coronavirus COVID-19 Global Cases by Johns Hopkins CSSE,https://www.arcgis.com/apps/opsdashboard/index.html#/bda7594740fd40299423467b48e9ecf6,hopkins.arcgis
global,Afghanistan,1584197584000,2020-03-14T15:53:04+01:00,11,0,0,67.71,33.9391,Coronavirus COVID-19 Global Cases by Johns Hopkins CSSE,https://www.arcgis.com/apps/opsdashboard/index.html#/bda7594740fd40299423467b48e9ecf6,hopkins.arcgis
global,Monaco,1584138122000,2020-03-13T23:22:02+01:00,2,0,0,7.4167,43.7333,Coronavirus COVID-19 Global Cases by Johns Hopkins CSSE,https://www.arcgis.com/apps/opsdashboard/index.html#/bda7594740fd40299423467b48e9ecf6,hopkins.arcgis
global,Liechtenstein,1584138122000,2020-03-13T23:22:02+01:00,1,0,0,9.55,47.14,Coronavirus COVID-19 Global Cases by Johns Hopkins CSSE,https://www.arcgis.com/apps/opsdashboard/index.html#/bda7594740fd40299423467b48e9ecf6,hopkins.arcgis
global,Guyana,1584138123000,2020-03-13T23:22:03+01:00,1,0,1,-58.75,5,Coronavirus COVID-19 Global Cases by Johns Hopkins CSSE,https://www.arcgis.com/apps/opsdashboard/index.html#/bda7594740fd40299423467b48e9ecf6,hopkins.arcgis
global,Taiwan,1584169991000,2020-03-14T08:13:11+01:00,53,20,1,121,23.7,Coronavirus COVID-19 Global Cases by Johns Hopkins CSSE,https://www.arcgis.com/apps/opsdashboard/index.html#/bda7594740fd40299423467b48e9ecf6,hopkins.arcgis
global,Namibia,1584203583000,2020-03-14T17:33:03+01:00,2,0,0,18.4904,-22.9576,Coronavirus COVID-19 Global Cases by Johns Hopkins CSSE,https://www.arcgis.com/apps/opsdashboard/index.html#/bda7594740fd40299423467b48e9ecf6,hopkins.arcgis
global,Curacao,1584202518000,2020-03-14T17:15:18+01:00,1,0,0,-68.99,12.1696,Coronavirus COVID-19 Global Cases by Johns Hopkins CSSE,https://www.arcgis.com/apps/opsdashboard/index.html#/bda7594740fd40299423467b48e9ecf6,hopkins.arcgis
USA,Puerto Rico,1584210783000,2020-03-14T19:33:03+01:00,3,0,0,-66.5901,18.2208,Coronavirus COVID-19 Global Cases by Johns Hopkins CSSE,https://www.arcgis.com/apps/opsdashboard/index.html#/bda7594740fd40299423467b48e9ecf6,hopkins.arcgis
global,Eswatini,1584191605000,2020-03-14T14:13:25+01:00,1,0,0,31.4659,-26.5225,Coronavirus COVID-19 Global Cases by Johns Hopkins CSSE,https://www.arcgis.com/apps/opsdashboard/index.html#/bda7594740fd40299423467b48e9ecf6,hopkins.arcgis
global,St. Lucia,1584202518000,2020-03-14T17:15:18+01:00,1,0,0,-60.9789,13.9094,Coronavirus COVID-19 Global Cases by Johns Hopkins CSSE,https://www.arcgis.com/apps/opsdashboard/index.html#/bda7594740fd40299423467b48e9ecf6,hopkins.arcgis
global,Gabon,1584192784000,2020-03-14T14:33:04+01:00,1,0,0,11.6094,-0.8037,Coronavirus COVID-19 Global Cases by Johns Hopkins CSSE,https://www.arcgis.com/apps/opsdashboard/index.html#/bda7594740fd40299423467b48e9ecf6,hopkins.arcgis
global,Ruanda,1584190387000,2020-03-14T13:53:07+01:00,1,0,0,29.8739,-1.9403,Coronavirus COVID-19 Global Cases by Johns Hopkins CSSE,https://www.arcgis.com/apps/opsdashboard/index.html#/bda7594740fd40299423467b48e9ecf6,hopkins.arcgis
global,Guatemala,1584149583000,2020-03-14T02:33:03+01:00,1,0,0,-90.2308,15.7835,Coronavirus COVID-19 Global Cases by Johns Hopkins CSSE,https://www.arcgis.com/apps/opsdashboard/index.html#/bda7594740fd40299423467b48e9ecf6,hopkins.arcgis
USA,"Virgin Islands, U.S.",1584202518000,2020-03-14T17:15:18+01:00,1,0,0,-64.8963,18.3358,Coronavirus COVID-19 Global Cases by Johns Hopkins CSSE,https://www.arcgis.com/apps/opsdashboard/index.html#/bda7594740fd40299423467b48e9ecf6,hopkins.arcgis
global,Mauretanien,1584190387000,2020-03-14T13:53:07+01:00,1,0,0,10.9408,21.0079,Coronavirus COVID-19 Global Cases by Johns Hopkins CSSE,https://www.arcgis.com/apps/opsdashboard/index.html#/bda7594740fd40299423467b48e9ecf6,hopkins.arcgis
global,Jersey,1584203583000,2020-03-14T17:33:03+01:00,2,0,0,-2.11,49.19,Coronavirus COVID-19 Global Cases by Johns Hopkins CSSE,https://www.arcgis.com/apps/opsdashboard/index.html#/bda7594740fd40299423467b48e9ecf6,hopkins.arcgis
global,Venezuela,1584190387000,2020-03-14T13:53:07+01:00,2,0,0,-66.5897,6.4238,Coronavirus COVID-19 Global Cases by Johns Hopkins CSSE,https://www.arcgis.com/apps/opsdashboard/index.html#/bda7594740fd40299423467b48e9ecf6,hopkins.arcgis
Frankreich,Fench Guiana,1584204783000,2020-03-14T17:53:03+01:00,5,0,0,-53,4,Coronavirus COVID-19 Global Cases by Johns Hopkins CSSE,https://www.arcgis.com/apps/opsdashboard/index.html#/bda7594740fd40299423467b48e9ecf6,hopkins.arcgis
global,St. Vincent und die Grenadinen,1584203583000,2020-03-14T17:33:03+01:00,1,0,0,-61.2872,12.9843,Coronavirus COVID-19 Global Cases by Johns Hopkins CSSE,https://www.arcgis.com/apps/opsdashboard/index.html#/bda7594740fd40299423467b48e9ecf6,hopkins.arcgis
global,Trinidad und Tobago,1584202501000,2020-03-14T17:15:01+01:00,2,0,0,-61.2225,10.6918,Coronavirus COVID-19 Global Cases by Johns Hopkins CSSE,https://www.arcgis.com/apps/opsdashboard/index.html#/bda7594740fd40299423467b48e9ecf6,hopkins.arcgis
global,Guernsey,1584138123000,2020-03-13T23:22:03+01:00,1,0,0,-2.58,49.45,Coronavirus COVID-19 Global Cases by Johns Hopkins CSSE,https://www.arcgis.com/apps/opsdashboard/index.html#/bda7594740fd40299423467b48e9ecf6,hopkins.arcgis
global,Uruguay,1584203583000,2020-03-14T17:33:03+01:00,4,0,0,-55.7658,-32.5228,Coronavirus COVID-19 Global Cases by Johns Hopkins CSSE,https://www.arcgis.com/apps/opsdashboard/index.html#/bda7594740fd40299423467b48e9ecf6,hopkins.arcgis
global,Ghana,1584138122000,2020-03-13T23:22:02+01:00,2,0,0,-1.05,7.8167,Coronavirus COVID-19 Global Cases by Johns Hopkins CSSE,https://www.arcgis.com/apps/opsdashboard/index.html#/bda7594740fd40299423467b48e9ecf6,hopkins.arcgis
global,Suriname,1584203583000,2020-03-14T17:33:03+01:00,1,0,0,-56.0278,3.9193,Coronavirus COVID-19 Global Cases by Johns Hopkins CSSE,https://www.arcgis.com/apps/opsdashboard/index.html#/bda7594740fd40299423467b48e9ecf6,hopkins.arcgis
Deutschland,Baden-Württemberg,1584198000000,2020-03-14T16:00:00+01:00,827,2,3,9.147687,48.606091,RKI/eigene,https://www.rki.de/DE/Content/InfAZ/N/Neuartiges_Coronavirus/Fallzahlen.html,rki.spreadsheet
Deutschland,Bayern,1584194400000,2020-03-14T15:00:00+01:00,681,14,1,11.658165,48.768814,RKI/eigene,https://www.rki.de/DE/Content/InfAZ/N/Neuartiges_Coronavirus/Fallzahlen.html,rki.spreadsheet
Deutschland,Berlin,1584180000000,2020-03-14T11:00:00+01:00,216,0,0,13.40732,52.52045,RKI/eigene,https://www.rki.de/DE/Content/InfAZ/N/Neuartiges_Coronavirus/Fallzahlen.html,rki.spreadsheet
Deutschland,Brandenburg,1584205200000,2020-03-14T18:00:00+01:00,61,0,0,14.124409,52.073056,RKI/eigene,https://www.rki.de/DE/Content/InfAZ/N/Neuartiges_Coronavirus/Fallzahlen.html,rki.spreadsheet
Deutschland,Bremen,1584205200000,2020-03-14T18:00:00+01:00,53,1,0,8.731851,53.029599,RKI/eigene,https://www.rki.de/DE/Content/InfAZ/N/Neuartiges_Coronavirus/Fallzahlen.html,rki.spreadsheet
Deutschland,Hamburg,1584205200000,2020-03-14T18:00:00+01:00,158,0,0,10.007046,53.576158,RKI/eigene,https://www.rki.de/DE/Content/InfAZ/N/Neuartiges_Coronavirus/Fallzahlen.html,rki.spreadsheet
Deutschland,Hessen,1584216000000,2020-03-14T21:00:00+01:00,203,0,0,9.217535,50.758489,RKI/eigene,https://www.rki.de/DE/Content/InfAZ/N/Neuartiges_Coronavirus/Fallzahlen.html,rki.spreadsheet
Deutschland,Mecklenburg-Vorpommern,1584205200000,2020-03-14T18:00:00+01:00,45,0,0,12.708563,53.810625,RKI/eigene,https://www.rki.de/DE/Content/InfAZ/N/Neuartiges_Coronavirus/Fallzahlen.html,rki.spreadsheet
Deutschland,Niedersachsen,1584194400000,2020-03-14T15:00:00+01:00,253,1,0,9.944255,52.518203,RKI/eigene,https://www.rki.de/DE/Content/InfAZ/N/Neuartiges_Coronavirus/Fallzahlen.html,rki.spreadsheet
Deutschland,Nordrhein-Westfalen,1584216000000,2020-03-14T21:00:00+01:00,1636,27,5,7.385313,51.510157,RKI/eigene,https://www.rki.de/DE/Content/InfAZ/N/Neuartiges_Coronavirus/Fallzahlen.html,rki.spreadsheet
Deutschland,Rheinland-Pfalz,1584198000000,2020-03-14T16:00:00+01:00,162,1,0,7.269307,50.104033,RKI/eigene,https://www.rki.de/DE/Content/InfAZ/N/Neuartiges_Coronavirus/Fallzahlen.html,rki.spreadsheet
Deutschland,Saarland,1584111600000,2020-03-13T16:00:00+01:00,40,0,0,6.961042,49.41788,RKI/eigene,https://www.rki.de/DE/Content/InfAZ/N/Neuartiges_Coronavirus/Fallzahlen.html,rki.spreadsheet
Deutschland,Sachsen,1584205200000,2020-03-14T18:00:00+01:00,99,0,0,13.349228,51.022904,RKI/eigene,https://www.rki.de/DE/Content/InfAZ/N/Neuartiges_Coronavirus/Fallzahlen.html,rki.spreadsheet
Deutschland,Sachsen-Anhalt,1584216000000,2020-03-14T21:00:00+01:00,45,0,0,11.68063,51.926892,RKI/eigene,https://www.rki.de/DE/Content/InfAZ/N/Neuartiges_Coronavirus/Fallzahlen.html,rki.spreadsheet
Deutschland,Schleswig-Holstein,1584198000000,2020-03-14T16:00:00+01:00,60,0,0,9.713017,54.1882542,RKI/eigene,https://www.rki.de/DE/Content/InfAZ/N/Neuartiges_Coronavirus/Fallzahlen.html,rki.spreadsheet
Deutschland,Thüringen,1584216000000,2020-03-14T21:00:00+01:00,46,0,0,11.004142,50.894378,RKI/eigene,https://www.rki.de/DE/Content/InfAZ/N/Neuartiges_Coronavirus/Fallzahlen.html,rki.spreadsheet
Deutschland,Repatriierte,1584169200000,2020-03-14T08:00:00+01:00,2,2,0,null,null,RKI/eigene,https://www.rki.de/DE/Content/InfAZ/N/Neuartiges_Coronavirus/Fallzahlen.html,rki.spreadsheet
